работать;work
работа;job
компания;company
дом;home
из дома;from home
сообщение;message
начальник;boss
звонить;call
говорить;talk
минута;minute
кино;the movies
друг;friend
нравиться;like
сегодня;today
завтрак;breakfast
отдыхать;rest
время;time
тратить;spend
завтра;tomorrow
уходить;leave
такси;taxi
вовремя;on time
вечер;evening
выходные;weekend
прошлая неделя;last week
следующие выходные;next weekend
хороший;good
много;a lot
