﻿Past Continuous
Когда я занимался футболом в вузе я травмировал колено;
Когда я строил дом, я потратил много денег;
Когда я работал в McDonald's они платили мне 200$;
Когда я ремонтировал квартиру, я использовал только самые дешёвые материалы;
Когда я искал работу я ходил на много собеседований;
Когда я пытался бросить курить, я следовал специальной диете и занимался спортом много;
Когда я пытался выплатить тот кредит;
Я просил деньги у друзей и искал работу;
Когда я гостил у бабушки мы говорили о её жизни много;
Когда я пытался победить депрессию я смотрел фильмы;
встречался с друзьями, изучал новые навыки;
Когда они разводились, они спорили много;
Когда я делал ту презентацию, я получил звонок от босса;
Когда она встречалась с ним они ходили в кино;
Когда я ждал его, я выкурил 3 сигареты;
Каждый раз когда мы спорили, она кричала на меня;
Когда занимался теннисом, я тренировался старательно и ел овощи;
Когда я коллекционировал монеты я тратил много денег;
Когда она зарабатывала много денег она покупала дорогие вещи;
ПРИЧИНА:;
На прошлой неделе у меня не было времени потому что я искал работу;
я пришёл в хорошую форму потому что много плавал;
В прошлом году у меня не было денег потому что я ремонтировал квартиру;
Я бросил работу потому что все уходили из компании;
Мы ничего не выучили потому что учитель рассказывал шутки;
Я остался дома потому что шёл дождь;
ПЕРИОД И ПРИЧИНА:;
Я чувствовал отлично, когда я принимал то лекарство;
Я бросил работу потому что экономика шла под откос;
Она взяла кредит потому что она строила доми нуждалась в деньгах;
У меня не было времени потому что я готовился к экзамену;
Я пришёл в отличную форму в отпуске потому что я много плавал;
На прошлой лекции профессор Джонсон рассказывал шутки и поэтому мы ничему не научились;
Он купил новую машину потому что его бизнес шёл хорошо;
Его бизнес шёл хорошо и он купил новую машину;
Microsoft подавали в суд на нас несколько раз, когда;
мы пользовались нелицензионными программами;
Я не мог заснуть прлшлой ночью, потому что соседи ругались;
Я не ответил на твой звонок потому что я смотрел фильм;
Босс позвонил мне, когда я ужинал в ресторане;
Он был очень уверенным, когда он много зарабатывал;
Когда я познакомился с Дейвом, он торговал машинами;
Я действительно устал, когда готовился к экзамену;
В прошлом году я потратил много денег, потому что я ремонтировал квартиру;
Мы решили продать наш дом, потому что мы много путешествовали;
Мы решили пойти обратно домой, потому что начинало дождить;
Я очень нерничал, когда я работал на 2х работах;
Я стал очень эрудированным когда я смотрел документалные филмы;
Мой английиский улучшился, когда я жил в Шотландии;
Я выключил телефон, потому что он отвлекал меня от работы;
Мы обсуждали это на прошлой встрече;
Я не мог прийти на твой денб рождения, потому что я помогал отцу с машиной;
У меня случился нервный срыв потому что я работал на 2х работах;
Последний раз, когда я говорил с Джоном, он работал в суермаркете;
Она выиграла тот турнир, потому что использовала нелегальные препараты;
ПЕРИОД И ПРИЧИНА, ОБРАТНЫЙ ПОРЯДОК:;
На прошлой неделе я учился старательно и я очень устал;
Она работала на двух работах одновременно и;
у неё случился нервный срыв;
Она плакала, поэтому я обнял её;
Он много путешествовал поэтому он решил продать свой дом;
Их компания делала много денег, поэтому они решили открыть новый магазин;
Учителя игнорировали её, пожтому она решила бросить вуз;
Он опаздывал на рабоу часто, поэтому я решил уволить его;
Мой телефон отвлекал меня слишком много, поэтому я отключил его;
Их клиенты жаловались, и поэтому они решили снизить цены;
На прошлом отпуске я ел fast food почти каждый день и набрал 10 кг;
У нас заканчивались деньги, и мы решили взят кредит в банке;
ВСЕ ВМЕСТЕ;
Она звонила мне вчера;
Ты учил английский, когда был ребёнком?;
Когда я был в отпуске, я плавал в море, принимал солнечные ванны и читал книги;
Последний раз когда я говорил с Джоном, он работал в банке;
Вчера шёл дождь;
Вчера шёл дождь, и поэтому я решил остаться дома;
На нашем прошлом уроке он сказал, что математика скучный предмет;
В прошлом году я жил в Шотландии;
В прошлом году я жил в Шотландии и потратил много денег;
Я практиковал мой English 3 часа вчера;
Я научился многому, когда проходил ту стажировку;
Когда она была в депрессии она не ходилв гулят много;
Когда я бросил работу, другие сотрудники тоже уходили из компании;
В прошлом году я ходил в походы много;
В прошлом году я ходил в походы много и был в отличной форме;
Она продала свой дом, потмоу что нуждалась в денгаз;
Они продали свой магазин, потому что у них закончились деньги;
Что ты ел на завтрак вчера?;
Я смотрел фильм, когда ты позвонилЮ поэтому я не мог ответить;
У меня не было денег, чтобы купить дом, поэтому я снимал квартиру;
Я хорошо спал прошлой ночю;
Я позвонил ей, потому что я чувствовал себя нервным;
Они развелись, потому что он не зарабатывал достаточно денег;
Она зарабатывал много, когда работал в банке;
Я мыл посуду вчера, теперь твоя очередь;
Я мыл посуду вчера и уронил тарелку;
Я убирался в комнате вчера и нашёл 100$ купюру;
Когда я получил ту работу, я чувствовал себя действително счастливым;
Когда мне было 20, я ел в McDonalds каждую неделю;
Вчера я убирался в комнате, встречался с друзьями, ходил в кино;
Я не знаю английский хорошо, потому что в школе учил немецкий;
Я делал дз вчера и заметил несколько ошибок в учебнике;
Мы отправили ему текстовове сообщение, потому что;
он говорил по телефону, и мы не могли дозвониться;
Она вчера плакала;
Он красил потолок вчера и упал с лестницы;
Я купил эту машину в 2015. В то время она стоила 10.000;
Вчера я сидел в интернете и нашёл очень полезный сайт;
Когда я был в Турции, я брал уроки дайвинга;
На последнем курсе вуза я учился действительно старательно;
На последнем курсе вуза я учился действително старательно и;
я получил нервный срыв;
Я ел курицу на завтрак вчера;
Когда я впервые встретил Майка, он просил у всех денег , а теперь он миллиардер;
Что было на уроке вчера?;
Он бросил работу, потому много путешествовал и нуждался в гибком графике;
Когда она была генеральным директором она часто покупала;
роскошную одежду и ела в дорогих ресторанах;
Каждый раз, когда мы спорили, она кричала на меня;
Когда я занимался теннисом, я тренировался старателно и ел овощи;
Когда я коллекционировал монеты я тратил много денег;
Когда она зарабатывала много денег она покупала дорогие вещи;
Когда я принимал это лекарство я чувствовал себя ужасно;
Когда я снимал квартиру в Бруклине, я чувствовал себя очень небезопасно;
Когда я проходил ту стажировку, я задавал вопросы и общался с коллегами;
Когда у меня был Covid, я ел много масла, чтобы выздороветь быстрее;
