﻿Present Perfect
Я живу во Франции;
Я живу во Франции 5 лет;
Он работает в банке;
Он работает в банке с 2017-го;
Я болею;
Я болею последние несколько дней;
Я болел несколько дней, но потом я стал здоровым;
Они женаты?;
Сколько они женаты?;
Я очень занят;
Я последнее время очень занят;
Я чиню мою машину уже 2 года;
Я чиню машины уже 2 года;
Я работал в банке 2 года;
Сколько ты учил английский перед тем, как стал доволен своим уровнем?;
Она не ест мясо с 2017-ого;
Я уже знаю, что будет в следующей серии;
Я всегда любил кошек;
Сколько у тебя эта машина?;
У меня 3 года была машина, но потом пришлось продать;
Я дружу с Майком с 2020-ого;
Я дружил с Майком в школе;
Сколько ты болел ковидом?;
Я болею ковидом последние 2 недели;
Сколько он уже болеет?;
Я знал Джима до того, как он стал известным;
Я знаю Джима с тех пор, как мы были в школе;
Она не звонила мне уже 3 дня;
Я ищу работу уже 2 месяца;
Я весь день уставший;
Я учу английский 2 года;
Он не курит уже 2 недели;
Он бросил курение 2 недели назад;
Мы во Франции всего 3 дня, а мне уже становится скучно;
Они женаты с 2005-ого;
Они были женаты с 2005-ого по 2008-й;
Сколько ты уже ждёшь?;
Я уже 2 суток не сплю;
Погода плохая. Последнее время много дождит;
Джон всегда работал старательно;
Я всегда мечтал стать пилотом;
Она не пишет мне уже 3 дня;
Я уже 2 года не ремонтировал машину;
Я занят на этой неделе;
Я был занят на этой неделе;
Роналдо много забивает в этом матче;
Сколько ты строил этот дом?;
Я вчера весь день был уставший;
У меня весь день головная боль;
Сколько ты учил английский перед тем, как стал доволен своим уровнем?;
Сколько ты учил английский?;
Я жду уже больше недели;
Они встречались 3 года перед тем, как стали женатыми;
Мы здесь всего 15 минут, а мне уже становится скучно;
Джон принимал эти таблетки 3 месяца, пока не стал здоровым;
Мы провели на выставке 15 минут, но потом мне стало скучно;
Наука - это та вещь, которой я всю жизнь интересуюсь;
Кто построил этот памятник?;
Мы хорошо проводили время пока не пришёл Джон и испортил всё;
Я пил кофе много лет, пока не узал , что он вреден для сердца;
Чем ты занимался перед тем, как стал актёром?;
Мясо в духовке уже 2 часа, пора вынимать его;
У меня была головная боль сегодня утром, но сейчас я в порядке;
Он всю жизнь работает строителем;
Погода последнее время очень холодная;
Интересно, как у Джона дела, я не видел его 3 года;
Он пытается бросить курить последние 2 года;
Этот фильм они снимали почти 5 лет;
Я работал в супермаркете 5 лет;
