﻿V-ing forms
Она любит пить кофе;She likes drinking coffee.
Она не любит быть одна;She doesn't like being alone.
Я благодарю вас за то что пришли;I thank you for coming.
Я ненавижу болеть;I hate being sick.
Меня не устраивает вставать так рано;I don't like getting up so early.
Ей надоело иметь низкооплачиваемую работу;She is tired of having a low-paid job.
Он не против подождать;He doesn't mind waiting.
Я думаю о переезде в другой город;I'm thinking about moving to another city.
Она ушла не попрощавшись;She left without saying goodbye.
Он ушёл, хлопнув дверью;He left slamming the door.
