﻿Passive Voice
Джона уволили на прошлой неделе;
Я беспокоюсь о своей работе, за эту неделю уволили 3-х человек;
Вашу посылку доставят на следующей неделе;
Этот сериал сейчас показывают по ТВ;
Этот сериал будут показывать по ТВ в следующем году;
Шампанское производят во Франции;
Твой старый дом можно продать за $30.000;
Контракт ещё не подписали;
Ты слышал новости? Дикаприо номинировали на Оскар!;
"""Властелин колец"" был так популярен, что его перевели на 30 разных языков";
Все уроки отменили! Пойдём в кино;
Животных в нашем зоопарке кормят 3 раза в день;
Его уволили в прошлом году;
Мне предложили работу в Микрософт;
Нас учили уважать старших когда мы были детьми;
Когда мы присоединились к проекту, бизнес центр всё ещё строился;
Вашу машину всё ещё ремонтируют;
Студентам дадут достаточно времени, чтобы завершить все задания;
На английском разговаривают по всему миру;
Проект надо было закончить в прошлом месяце;
Кризис 2008-ого был вызван банками США;
Сыр делают из молока;
За эти товары уже заплатили;
Продукты Apple продаются по всему миру;
Эта технология известна с 15 века;
На собеседовании мне задали несколько сложных вопросов;
Нашу собаку надо кормить как минимум 1 раз в день;
Как это устройство называется?;
Не выкидывай старый телефон, его ещё можно починить;
Когда я был в школе, надо мной всегда шутили;
Этот вопрос не часто освещается в новостях;
Все заявки должны быть поданы до пятницы;
Интернетом пользуются миллионы людей каждый день;
Когда я работал в McDonalds, нам платили $200 в месяц;
Мы не можем здесь проехать , дорогу ещё ремонтируют;
Видел новости? Джейсона Стетхема арестовали;
Машины здесь производят с 1963;
Я не думаю, что мне когда-либо заплатят за мою работу;
Эта фотография была сделана во время поездки в Африку;
Эта технология известна с 15-ого века;
Главные блюда подаются с овощами и салатом;
Мне обещали большую зп но я получил ничего;
Этот метод используется с 40-х годов;
"""would"" часто используется для вежливых просьб";
Прошлый саммит большой семёрки провели в Англии;
