﻿Articles: a / an / the
Он актер;
Он актер в этом театре;
Он владелец этого театра;
Он актер который играет главную роль в этом фильме;
Я живу в большом городе;
Банк в котором я работаю оч известный;
Я работаю в известном банке;
Реклама на этом сайте очень раздражающая;
У меня завтра экзамен;
Я музыкант в этой музыкальной группе;
Я вокалист в этой муз. группе;
Студенты которые ходят на лекции имеют более хорошие оценки;
Бутерброды которые ты приготовила вчера были идеальными;
Ты устал? Тебе нужен перерыв?;
Туристы главная причина лесных пожаров;
Я не знаю причину почему он оставил компанию;
Ты помнишь название этой песни?;
Он умный студент;
Он самый умный студент;
У нас был оч хороший отель, но мне не поравился персонал;
Здания на этой улице очень старые;
The buildings on this street are very old;
Эта улица имеет много исторических зданий;
This street has a lot of historic buildings;
Водители часто ответственны за аварии;
Drivers are often responsible for road accidents;
Архитектор этого здания - гений;
the architect of this building is a genius;
Мне надо найти новую квартиру в следующем месяце;
I need to find a new apartment next month;
Зависть это плохое чувство;
Envy is a bad feeling;
Кризис 2008-го был катастрофой для банков которые были не готовы к нему;
The crisis of 2008 was a disaster for banks that weren't ready for it;
Фильмы которые мы посмотрели вчера вечером были оч интересные;
the movies that we watched last night were very interesting;
Не листай страницы так быстро, ты порвешь их;
don't turn the pages so quickly, you will tear them;
Я живу в тихом районе;
I live in a quiet neighbourhood;
Фотографии с кошками всегда будут популярны в Интернете;
pictures with cats will always be popular on the Internet;
Фотографии которые я сделал во время прошлого отпуска были оч красивыми;
The pictures that I took during my last vacation were very beautiful;
