﻿Present Continuous
Какую музыку ты слушаешь?;
Давай позвоним Джону! Я сейчас не помню его номер;
После работы я смотрю телевизор;
Он сейчас хочет яблоко;
Он сейчас ест яблоко;
Сколько она зарабатывает?;
В какое время ты встаёшь в будни?;
Где Джейн? Она готовит завтрак;
Сколько раз в день ты кормишь кота?;
Ты смотришь ТВ? Не, можешь выключить;
Ты смотришь ТВ? Только, когда мне нечего делать;
Мой телефон не работает;
Ты ешь сыр?;
Я обычно трачу около 500$ в месяц;
Когда говоришь с клиентами, важно быть спокойным и собранным;
Она всегда очень нервничает когда готовит;
Каждый раз, когда я разбиваю тарелку;
Мама кричит на меня;
Ты пытаешься сказать мне, что я не прав?;
Как дела у Майка? Он строит загородный дом;
Сколько она тратит на еду каждый месяц?;
Эта комнада выигрывает много матчей в этом сезоне;
Эта команда выигрывает чемпионат страны каждый год;
Надо быть осторожным, когда разговариваешь с незнакомцами;
Когда я делаю тренировку я всегда сосредоточен;
Я не понимаю, что он говорит;
Она следует диете и уже потеряла 5 кг;
Я пишу книгу о продуктивности;
Майк продаёт свою машину . Тебе интересно купить её?;
Каждый раз, когда я покупаю машину,;
я звоню друзьям;
Майк торгует машинами;
Где ты работаешь?;
Я делаю дз в среду;
Ты занят? Да, я делаю дз;
Где Майк? Он ждёт на улице;
Ты знаешь Джеймса?;
Я кормлю кота, принимаю душ и иду на работу;
Я занят, я кормлю кота;
Над каким проектом ты работаешь сейчас?;
У Майка много друзей;
Я не могу говорить, я еду домой;
Чего ты ждёшь?;
Она на диете, она не ест сахар;
Он ищет работу потому что ему нужны деньги;
Чем Майк занимается? Он строит дома;
Я не понимаю, о чём ты говоришь;
У него сейчас есть машина;
Он сейчас чинит машину;
Как ты себя чувствуешь?;
Когда я проспыаюсь, я обычно не чувствую себя хорошо;
Как у Джона дела? Он болеет;
