работать;lavorare
работа;lavoro
компания;azienda
дом;casa
сообщение;messaggio
начальник;capo
звонить;chiamare
говорить;parlare
минута;minuto
кино;cinema
друг;amico
нравиться;piacere
сегодня;oggi
завтрак;colazione
отдыхать;riposare
время;tempo
тратить;spendere
завтра;domani
уходить;partire
такси;taxi
вовремя;in orario
вечер;sera
выходные;fine settimana
прошлая неделя;la settimana scorsa
следующие выходные;il prossimo fine settimana
хороший;buono
много;molto