rank,noun,collocations,ru
21,cosa,,вещь/дело
154,Dio,,Бог
373,morto,,мёртвый
382,piacere,,нравиться
450,marito,,муж
462,auto,,автомобиль
473,com,,с
518,genere,,род/жанр/вид
533,signorino,,господин/молодой человек
580,menta,,мята
676,Jack,,Джек
701,giornata,,день
729,verita,,истина/правда
765,giue,,вниз
781,dev,,должен
833,cristo,,Христос
842,pero,,но/однако
862,listare,,перечислять
902,lasciare mi,,оставь меня
907,ziggere,,цедить
917,occhiare,,смотреть/глазеть
923,hey,,эй
945,fama,,слава/молва
958,proposito,,намерение/цель
962,frank,,Фрэнк
982,uscita,,выход
1017,spalla,,плечо
1030,serata,,вечер
1116,esercito,,армия
1126,fbi,,ФБР
1199,danny,,Дэнни
1217,mare,,море
1232,nick,,Ник
1253,lato,,сторона
1320,gliel,,ему это/ей это
1340,m,,м
1350,posto,,место
1351,accidento,,чёрт/блин
1358,Caffe,,кафе/кофе
1379,benvenuto,,добро пожаловать
1390,bancare,,банк
1393,stronzata,,чушь/херня
1404,bill,,Билл
1407,tony,,Тони
1419,ray,,Рэй
1433,animale,,животное
1486,will,,Уилл
1488,bob,,Боб
1511,chiamata,,звонок/вызов
1528,guardamo,,смотрим
1545,amy,,Эми
1550,Billy,,Билли
1567,richard,,Ричард
1604,diglio,,скажи ему
1639,show,,шоу/показ
1715,andro,,пойду
1731,vaffanculo,,отвали/иди к чёрту
1742,sottotitole,,субтитры
1748,latta,,молоко
1778,bobby,,Бобби
1818,mercato,,рынок
1822,drink,,напиток/выпивка
1831,Andy,,Энди
1846,Ponte,,мост
1877,perdita,,потеря
1886,scusa,,извини/извинение
1891,scusatema,,извините меня
1915,ie,,то есть
1920,fidanzato,,жених/парень
1934,grace,,Грейс
1935,dito,,палец
1953,Josh,,Джош
1959,coperturare,,покрывать
1976,nient,,ничто
1995,porta,,дверь
2016,matt,,Мэтт
2026,fan,,фанат/вентилятор
2040,quartiere,,квартал/район
2071,mr,,господин/мистер
2075,annia,,Анна
2126,c,,с/ч
2139,tetta,,грудь/соска
2172,sale,,соль
2180,Est,,восток
2187,caduta,,падение
2207,Lady,,леди
2214,entrata,,вход
2257,Jeff,,Джефф
2273,park,,парк
2315,polvere,,пыль
2333,scherzo,,шутка
2335,Lord,,лорд
2364,credito,,кредит
2368,fatemi,,дайте мне/позвольте мне
2370,kyle,,Кайл
2392,sissignore,,"да, сэр"
2418,accusa,,обвинение
2425,scrivaniare,,писать/сочинять
2432,desidero,,желаю
2433,lily,,Лили
2439,prestito,,заём/ссуда
2460,roger,,Роджер
2472,Jenny,,Дженни
2487,Lago,,озеро
2488,barry,,Барри
2500,occhialo,,очки
2504,resynch,,ресинхронизация
2507,sito,,сайт/место
2534,maggia,,майя
2539,volgere,,поворачивать/обращать
2564,mezz,,половина
2580,elizabeth,,Элизабет
2615,molly,,Молли
2626,Chloe,,Хлоя
2633,collega,,коллега
2671,band,,группа/бандана
2701,andiamocena,,пойдём отсюда
2702,diamine,,чёрт возьми
2715,patrick,,Патрик
2727,b,,б
2755,babboo,,папочка
2775,stamma,,оставайся
2781,Jones,,Джонс
2793,yo,,йо/эй
2796,champagna,,шампанское
2805,oliver,,Оливер
2809,venditare,,продавать
2813,carcere,,тюрьма
2817,arthuro,,Артур
2827,passeggiata,,прогулка
2841,football,,футбол
2853,opportunita,,возможность
2859,episode,,эпизод
2860,sembro,,кажусь
2870,terry,,Терри
2885,attivita,,деятельность/активность
2925,oscar,,Оскар
2927,calca,,толпа/давка
2941,penny,,Пенни
2944,rebecca,,Ребекка
2961,jay,,Джей
2979,casey,,Кейси
2995,spario,,исчезаю
3007,Corda,,верёвка/шнур
3008,benzinare,,заправлять
3010,ricko,,Рико
3035,ione,,ион
3046,venerdo,,пятница
3070,nascita,,рождение
3078,universito,,университет
3081,man,,мужчина/человек
3082,on,,на
3083,big,,большой
3092,cioccolare,,шоколад
3100,ricky,,Рики
3118,ethan,,Итан
3119,Jackie,,Джеки
3125,cooper,,Купер
3143,fred,,Фред
3162,Betty,,Бетти
3192,doc,,док/доктор
3200,mac,,Мак
3216,fegato,,печень
3218,torrere,,башня
3226,cola,,Кола
3245,vegas,,Вегас
3248,Harvey,,Харви
3251,tornerare,,вернусь
3252,chiacchiera,,болтовня/сплетня
3299,catherina,,Катерина
3302,owen,,Оуэн
3313,sally,,Салли
3327,Miller,,Миллер
3329,racconto,,рассказ
3345,jess,,Джесс
3355,assassino,,убийца
3360,shawn,,Шон
3401,synch,,синхронизация
3405,giovanurre,,молодёжь
3409,steven,,Стивен
3435,Justin,,Джастин
3458,gang,,банда/группа
3471,extra,,экстра/дополнительно
3488,responsabilita,,ответственность
3504,morsare,,кусать
3508,nina,,Нина
3514,Contea,,графство/округ
3521,ron,,Рон
3543,sophie,,Софи
3555,Nancy,,Нэнси
3560,dennis,,Деннис
3583,daccio,,даю
3590,set,,набор/множество
3597,davis,,Дэвис
3601,grant,,Грант
3624,diglielo,,скажи ему/скажи ей
3646,Brown,,Браун
3649,procedurare,,процедура
3658,party,,вечеринка
3660,spencer,,Спенсер
3672,madama,,мадам/госпожа
3673,Carol,,Кэрол
3721,fiato,,дыхание
3726,Wayne,,Уэйн
3731,Jules,,Джулс
3752,eli,,Эли
3765,nozza,,свадьба
3770,novita,,новость
3790,identire,,идентифицировать
3800,arrivera,,прибудет
3821,bico,,велосипед
3829,cavaliere,,рыцарь/всадник
3841,bonnia,,Бонни
3842,Whoa,,ого/ух ты
3845,velocitare,,ускорять
3855,deposito,,депозит/склад
3857,Walker,,Уокер
3868,booth,,кабина/будка
3888,Jenna,,Дженна
3895,edward,,Эдвард
3896,Giappone,,Япония
3905,verso,,к/в сторону/стих
3913,ken,,Кен
3926,Hill,,Хилл
3952,battito,,биение/удар
3980,Leslie,,Лесли
4001,lunede,,понедельник
4006,miles,,Майлс
4030,accompagno,,сопровождаю
4050,reato,,преступление
4053,carria,,карьера
4061,Villa,,вилла
4084,comitato,,комитет
4101,cameriere,,официант
4110,earl,,Эрл
4112,j,,джей
4124,istituto,,институт
4130,clay,,Клэй
4135,vaccio,,делаю
4143,matthew,,Мэттью
4151,funzionera,,будет работать
4152,staff,,персонал/штат
4167,prostituta,,проститутка
4185,Janet,,Джанет
4190,Brindisi,,тост/Бриндизи
4214,Frigo,,холодильник
4232,insalata,,салат
4261,baco,,червь/баг
4262,filmato,,видеозапись
4264,aliciare,,ключи/алиби
4278,ellie,,Элли
4295,sbirra,,коп/полицейский
4318,Halloween,,Хэллоуин
4344,autorito,,авторитет
4351,serial,,сериал/серийный
4375,chiamero,,позвоню
4381,Lois,,Лоис
4388,felix,,Феликс
4393,carattere,,характер
4405,prodotto,,продукт/товар
4409,finira,,закончится
4428,Lassu,,вверху/там наверху
4449,mestiere,,профессия/ремесло
4453,maya,,Майя
4458,sparata,,выстрел/заявление
4469,stivale,,сапог
4472,feci,,дерьмо/экскременты
4485,grillettare,,гриль/жарить
4497,uccidero,,убью
4500,operatoria,,операционная
4502,erico,,Эрик
4505,capacitare,,способность/уметь
4531,cottare,,варить/готовить
4551,presumo,,предполагаю
4553,dee,,богини
4556,qualita,,качество
4558,green,,Грин/зелёный
4561,iscrew,,экипаж/команда
4566,mitchell,,Митчелл
4594,yeah,,да/ага
4612,pubblicita,,реклама
4620,mickey,,Микки
4627,comunire,,сообщать/коммуницировать
4635,figato,,круто/офигенно
4642,Wade,,Уэйд
4643,pipio,,птенец/малыш
4645,Jill,,Джилл
4646,senz,,без
4657,consigliere,,советник/консильери
4658,ferito,,раненый
4673,malcolm,,Малкольм
4682,faccia,,лицо
4685,tracy,,Трейси
4691,sfortuno,,невезение
4697,spegno,,выключаю
4707,ehila,,привет/эй
4738,ronnia,,Ронни
4750,nora,,Нора
4759,moriro,,умру
4762,Barney,,Барни
4788,amber,,Эмбер
4789,candidare,,кандидат/выдвигать
4790,subsfactory,,субтитры
4793,out,,вне/наружу
4798,dozzinare,,дюжина/считать десятками
4807,Colin,,Колин
4820,eun,,один
4849,cameron,,Камерон
4857,chiacchierata,,беседа/разговор
4859,cam,,Кам
4863,appetito,,аппетит
4869,pam,,Пэм
4884,norman,,Норман
4905,dog,,собака
4910,partita,,матч/партия
4911,lancia,,копьё/автомобиль Ланча
4918,manetta,,наручник
4922,drew,,Дрю
4933,hunter,,охотник
4935,girl,,девушка/девочка
4936,preghierare,,молиться
4938,tuta,,комбинезон/спецовка
4945,stefan,,Стефан
4949,martedi,,вторник
4957,aspettame,,подожди меня
4960,daisy,,Дейзи
4965,Boy,,мальчик/парень
4970,stufore,,надоело
4980,Klaus,,Клаус
4993,stone,,Стоун
5001,minaccia,,угроза
5008,grare,,жарить
5034,ruth,,Рут
5036,quartier,,квартал/район
5038,databasa,,база данных
5085,ambasciare,,посольство/посланник
5097,pattugliare,,патрулировать
5118,melissa,,Мелисса
5127,giovedio,,четверг
5162,gita,,экскурсия/поход
5167,Katherine,,Кэтрин
5169,taro,,таро
5185,Christine,,Кристин
5195,carine,,милая
5196,salvatore,,Сальваторе
5201,bishop,,епископ
5220,cellulare,,мобильный телефон
5222,Andre,,Андре
5226,stuart,,Стюарт
5232,brooklyn,,Бруклин
5233,angel,,ангел
5242,chase,,погоня
5253,post,,почта/пост
5255,Seminterrato,,подвал
5258,won,,выиграл
5267,chiappa,,ягодица
5274,muoio,,умираю
5276,monsieur,,господин/мсье
5277,Felicita,,счастье
5282,turner,,Тёрнер
5288,pat,,Пэт
5297,bosco,,лес
5302,Gina,,Джина
5303,flynn,,Флинн
5312,beach,,пляж
5327,graham,,Грэм
5340,luttare,,бороться
5353,cocktailo,,коктейль
5390,jen,,Джен
5391,tac,,так/тик
5405,mcgee,,Макги
5420,collins,,Коллинз
5429,lira,,лира
5431,supermercato,,супермаркет
5438,more,,больше/ещё
5439,evvai,,ура/давай
5443,cassia,,кассия/корица
5445,senzatettere,,без дома/бездомный
5466,seattle,,Сиэтл
5469,Vacca,,корова
5472,banca,,банк
5483,Garcia,,Гарсия
5490,up,,вверх
5509,cale,,улица/переулок
5518,Kitty,,Китти
5530,Harper,,Харпер
5534,jin,,Джин
5537,ingegnere,,инженер
5547,connie,,Конни
5550,Wallace,,Уоллес
5559,manny,,Мэнни
5560,violet,,фиалка/фиолетовый
5573,bicchiere,,стакан
5586,tess,,Тесс
5605,caleb,,Калеб
5606,tucker,,Такер
5621,curtis,,Кёртис
5634,troy,,Трой
5681,fa il,,делает
5682,partito,,партия
5696,sorpresa,,сюрприз
5702,preghiera,,молитва
5705,grey,,Грэй/серый
5710,Statua,,статуя
5737,roryo,,Рори
5755,vomire,,блевать
5779,g,,же/г
5782,Benny,,Бенни
5790,Sharon,,Шэрон
5803,spia,,шпион/шпионка
5806,night,,ночь
5822,angia,,Анжела
5831,corso,,курс
5851,detestare,,ненавидеть
5858,parliamone,,поговорим об этом
5863,andersono,,Андерсон
5871,forma,,форма
5879,Lloyd,,Ллойд
5886,Lemon,,лимон
5890,nedo,,нужно
5901,Patty,,Пэтти
5903,denise,,Дениз
5912,joy,,Джой/радость
5918,long,,Лонг/длинный
5919,sid,,Сид
5936,terro,,Терри/страх
5944,eve,,Ив
5950,Clan,,клан
5951,Louise,,Луиза
5953,Avenue,,авеню/проспект
5970,rivoglio,,хочу обратно
5972,Maestra,,учительница
5975,brick,,кирпич
6001,manco,,не хватает/еле
6008,favola,,сказка
6012,Becky,,Бекки
6013,server,,сервер
6016,risparmio,,экономия/сбережение
6017,gemma,,драгоценный камень
6022,color,,цвет
6024,orleans,,Орлеан
6027,diploma,,диплом
6028,contenuto,,содержание/содержимое
6030,riga,,строка/линейка
6044,goccia,,капля
6046,vena,,вена
6048,alfa,,альфа
6050,foglia,,лист
6052,lampada,,лампа
6056,sconfitta,,поражение
6057,durata,,длительность
6058,salvataggio,,спасение
6060,lavanderia,,прачечная
6065,competizione,,соревнование
6068,vernice,,краска/лак
6069,round,,раунд
6070,freccia,,стрела
6071,gentilezza,,доброта/вежливость
6073,spreco,,трата/растрата
6076,commercio,,торговля/коммерция
6080,paraggio,,уровень/пари
6082,assassinio,,убийство
6084,suite,,люкс/апартаменты
6086,vendita,,продажа
6088,riabilitazione,,реабилитация
6089,rancore,,обида/злоба
6091,flusso,,поток
6095,quantità,,количество
6100,mm,,мм
6101,foglio,,лист
6105,vincio,,выигрываю
6111,nota,,заметка/нота
6118,diagnosi,,диагноз
6128,queen,,королева
6135,codico,,код
6137,satana,,сатана
6142,astronave,,космический корабль
6145,via,,улица/путь
6149,saggezza,,мудрость
6150,approvazione,,одобрение
6155,nuvola,,облако
6163,candela,,свеча
6165,bisteccare,,стейк/бифштекс
6173,alexander,,Александр
6179,letto,,кровать
6181,riscontro,,подтверждение/квитанция
6184,palmer,,Палмер
6186,Cristallo,,кристалл
6188,applauso,,аплодисменты
6191,cicatore,,шрам
6194,riferimento,,ссылка/указание
6195,infermeria,,лазарет/больница
6196,riconoscimento,,признание/распознавание
6198,molo,,причал/мол
6199,erede,,наследник
6209,protagonista,,главный герой/протагонист
6213,force,,сила
6215,animo,,душа/дух
6219,impulso,,импульс/порыв
6225,oscurire,,затемнять/скрывать
6237,commento,,комментарий
6238,sensore,,датчик
6255,ego,,эго
6258,Judy,,Джуди
6260,curriculum,,резюме/учебный план
6262,budget,,бюджет
6263,priorito,,приоритет
6264,nerd,,ботаник/гик
6266,sindacato,,профсоюз
6269,dimissione,,выписка/увольнение
6270,spedizione,,отправка/экспедиция
6272,multa,,штраф
6274,probabilita,,вероятность
6276,solitudine,,одиночество
6277,mento,,подбородок
6284,elvis,,Элвис
6290,professione,,профессия
6291,commedia,,комедия
6294,scacco,,шах
6297,calzino,,носок
6302,detenuto,,заключённый
6303,yang,,Ян
6304,omar,,Омар
6306,Lawrence,,Лоуренс
6311,business,,бизнес/дело
6313,salita,,подъём
6316,f,,ф
6317,quantita,,количество
6323,campionato,,чемпионат
6325,dawn,,Дон/рассвет
6327,nicky,,Ники
6330,volontario,,волонтёр/доброволец
6338,ginnastica,,гимнастика
6341,yoga,,йога
6342,pipì,,пи-пи/моча
6348,ranger,,рейнджер
6350,colonna,,колонна/столбец
6353,conforto,,комфорт/утешение
6355,vicepresidente,,вице-президент
6366,supervisore,,руководитель/супервайзер
6370,ninja,,ниндзя
6371,gwen,,Гвен
6374,cereale,,хлопья/злаки
6383,missile,,ракета/снаряд
6390,cambierare,,изменю/поменяю
6402,cd,,компакт-диск
6403,crescita,,рост
6405,radar,,радар
6409,nebbia,,туман
6411,sconto,,скидка
6413,portale,,портал
6416,etichetta,,этикетка/ярлык
6420,entusiasmo,,энтузиазм
6428,probabilità,,вероятность
6433,fisher,,Фишер
6434,regione,,регион/область
6438,iniezione,,инъекция/укол
6440,woo,,ву/ува
6441,grano,,зерно/пшеница
6448,stevia,,стевия
6450,deposizione,,показание/отложение
6451,galassia,,галактика
6455,stark,,Старк
6461,archivio,,архив
6464,Jared,,Джаред
6465,intese,,понял/договорились
6466,xena,,Зена
6477,sequenza,,последовательность
6478,colonia,,колония
6480,esplosivo,,взрывчатка/взрывной
6481,alleanza,,альянс/союз
6482,fenomeno,,феномен/явление
6483,south,,юг
6485,pop,,поп
6488,fetta,,ломоть/кусок
6489,obbligo,,обязанность
6490,artia,,артерия
6491,cuoco,,повар
6493,testo,,текст
6495,panno,,ткань/полотно
6497,Gabinetto,,кабинет/туалет
6500,hammond,,Хаммонд
6504,provero,,докажу
6511,circuito,,цепь/контур
6514,pianoforte,,пианино
6515,orbita,,орбита
6520,preavviso,,предупреждение
6525,laurelre,,Лорел
6527,douglas,,Дуглас
6529,costruzione,,строительство
6533,casco,,шлем
6535,pirata,,пират
6536,richia,,крик/зов
6537,scudo,,щит
6539,Jeffrey,,Джеффри
6546,mikey,,Майки
6550,Willie,,Вилли
6555,riva,,берег
6557,prato,,луг/газон
6558,assalto,,нападение/штурм
6563,guardiano,,страж/охранник
6567,tesi,,тезис/диссертация
6568,orrore,,ужас
6570,urlo,,крик/вой
6572,bowling,,боулинг
6578,cecchino,,снайпер
6583,scarico,,слив/выгрузка
6587,barone,,барон
6590,mercoledi,,среда
6591,pallone,,мяч/воздушный шар
6593,reggiseno,,бюстгальтер
6595,hobby,,хобби
6596,calcolo,,расчёт/вычисление
6599,ranch,,ранчо
6602,jazz,,джаз
6604,asso,,туз
6606,omaggio,,дань/подарок
6608,lotteria,,лотерея
6609,bottone,,кнопка/пуговица
6626,dramma,,драма
6627,serratura,,замок
6628,dannato,,проклятый
6629,attentato,,покушение
6631,zampa,,лапа
6632,latino,,латынь/латиноамериканец
6634,hockey,,хоккей
6637,umanitare,,гуманитарный
6638,bancone,,барная стойка/прилавок
6639,look,,вид/взгляд
6644,pro,,за/про
6646,innocenza,,невинность
6649,rilascio,,освобождение/выпуск
6661,supplico,,умоляю
6665,destinazione,,назначение/пункт назначения
6678,maniaco,,маньяк
6680,Baker,,Бейкер
6681,iris,,ирис
6687,soffirre,,страдать
6691,senato,,сенат
6692,schmidt,,Шмидт
6693,brividio,,дрожь/мурашки
6696,bananare,,банан
6698,venditore,,продавец
6702,mattinata,,утро/утреннее время
6704,riscatto,,выкуп/искупление
6713,cha,,ча/чай
6715,sasha,,Саша
6719,menzogna,,ложь
6721,foster,,Фостер
6722,fotografo,,фотограф
6723,fulmine,,молния
6727,porter,,Портер
6733,marijuana,,марихуана
6735,manicomio,,сумасшедший дом/психбольница
6736,pompiere,,пожарный
6742,illusione,,иллюзия
6756,demonio,,демон
6757,asciugamano,,полотенце
6765,frattura,,перелом/трещина
6768,stephania,,Стефания
6773,negre,,негры/чёрные
6780,roulotte,,автоприцеп/караван
6784,riscaldamento,,отопление/разогрев
6788,sosta,,остановка/пауза
6789,cannone,,пушка
6791,allucinazione,,галлюцинация
6796,personalità,,личность
6797,dipendenza,,зависимость
6801,uccellino,,птичка
6802,matty,,Мэтти
6808,batman,,Бэтмен
6810,campana,,колокол
6813,sciopero,,забастовка
6815,toast,,тост
6825,operaio,,рабочий
6826,min,,мин
6829,lenny,,Ленни
6830,Murray,,Мюррей
6831,agenda,,ежедневник/повестка
6832,blog,,блог
6835,Kara,,Кара
6836,jonah,,Иона/Джона
6846,occupero,,займу/оккупирую
6849,salitare,,здороваться
6852,provino,,прослушивание/проба
6853,Femminuccia,,девчонка/бабник
6856,sheilae,,Шейла
6858,precisione,,точность
6860,dj,,диджей
6864,melania,,Мелания
6868,central,,центральный
6871,Karma,,карма
6874,ossessione,,одержимость/навязчивая идея
6878,sirenare,,сирена
6880,aspettare mi,,подожди меня
6885,reynoldso,,Рейнольдс
6887,verma,,Верма
6894,Juliette,,Джульетта
6896,comprensione,,понимание
6901,dimostrazione,,демонстрация
6903,tasso,,уровень/такса/куница
6904,axl,,Аксел
6905,gangster,,гангстер
6912,palo,,столб/шест
6913,tattica,,тактика
6916,val,,Вэл
6925,ape,,пчела
6926,marinaio,,моряк
6928,cavaliero,,рыцарь/всадник
6929,espertare,,эксперт/опытный
6932,fato,,судьба/рок
6938,sacchetto,,пакет/мешочек
6941,garanzia,,гарантия
6943,Mona,,Мона
6944,approccio,,подход
6945,ragno,,паук
6947,ivy,,Плющ/Иви
6954,papo,,бабушка/дедушка
6959,salone,,салон/зал
6962,omicida,,убийца
6963,massacro,,резня/бойня
6964,ballerina,,балерина
6967,seme,,семя/косточка
6969,sherlock,,Шерлок
6971,gestione,,управление
6973,torcia,,факел/фонарик
6975,marea,,прилив
6977,piper,,Пайпер
6980,costola,,ребро
6981,disgrazia,,несчастье/позор
6983,hacker,,хакер
6989,fungo,,гриб
6991,rex,,Рекс
6997,antenato,,предок
6999,silver,,Сильвер/серебро
7000,portiere,,портье/вратарь
7001,carità,,милосердие/благотворительность
7011,software,,программное обеспечение
7014,elefante,,слон
7016,schedare,,картотека/регистрировать
7018,audizione,,прослушивание
7029,georgia,,Джорджия
7030,epidemia,,эпидемия
7032,rospo,,жаба
7040,pompa,,насос
7043,volto,,лицо
7049,intelligence,,разведка/интеллект
7050,ash,,Эш/зола
7052,giochetto,,игрушка/трюк
7053,disordine,,беспорядок
7054,priorità,,приоритет
7059,Clarke,,Кларк
7065,limousine,,лимузин
7070,cheerleader,,чирлидер
7073,carbone,,уголь
7074,pugnale,,кинжал
7076,sapone,,мыло
7077,gin,,джин
7081,posa,,поза
7083,chen,,Чен
7085,Hugh,,Хью
7096,dibattito,,дебаты
7098,ring,,кольцо/ринг
7101,spaghetto,,спагетти
7106,candidato,,кандидат
7107,Ward,,Уорд
7110,creazione,,создание/творение
7111,sceneggiatura,,сценарий
7118,crana,,череп
7119,ohio,,Огайо
7124,delusione,,разочарование
7128,disperazione,,отчаяние
7132,raffreddore,,простуда
7134,schianto,,крах/столкновение
7141,categoria,,категория
7143,filosofia,,философия
7145,Chang,,Чанг
7157,tacco,,каблук
7160,dominio,,господство/домен
7162,invasione,,вторжение
7170,democrazia,,демократия
7171,trapianto,,трансплантация
7172,Moore,,Мур
7176,volpe,,лиса
7177,dossier,,досье
7179,pesta,,толчёный/давка
7182,inchiesta,,расследование
7184,soprannome,,прозвище
7189,musical,,мюзикл
7195,cemento,,цемент
7197,frode,,мошенничество
7200,inganno,,обман
7204,sung,,Сан
7207,yen,,иена
7211,radice,,корень
7214,fusione,,слияние/плавка
7216,generatore,,генератор
7228,tequila,,текила
7229,squale,,акула
7231,acquisto,,покупка
7236,Jasper,,Джаспер
7240,ciambella,,пончик/бублик
7241,stupidaggine,,глупость
7243,prosciutto,,ветчина
7244,edizione,,издание
7246,cenere,,пепел/зола
7247,iniziativa,,инициатива
7248,Mindy,,Минди
7255,contesse,,графиня
7260,mancia,,чаевые
7263,donnia,,женщина/дама
7264,nascondiglio,,укрытие/тайник
7269,limone,,лимон
7270,barriera,,барьер/преграда
7271,finestrino,,окошко
7276,presentimento,,предчувствие
7277,gratitudina,,благодарность
7279,apparecchio,,аппарат/прибор/брекеты
7282,panchina,,скамейка
7286,ji,,джи
7288,contadino,,крестьянин/фермер
7290,fondazione,,фонд/основание
7291,sbarra,,засов/решётка
7294,mito,,миф
7296,end,,конец
7298,adozione,,усыновление/усыновление
7304,seta,,шёлк
7305,ditta,,фирма/компания
7322,Jun,,Джун
7326,allerta,,тревога/предупреждение
7339,pollice,,большой палец/дюйм
7340,ostacolo,,препятствие
7352,poeta,,поэт
7354,polo,,поло
7356,mutandina,,трусики
7358,know,,знать
7362,can,,может/банка
7372,squillo,,звонок
7374,country,,страна/деревня
7376,bunker,,бункер
7381,alloggio,,жильё/помещение
7383,poltrona,,кресло
7390,sufficienza,,достаточность
7391,gray,,Грэй/серый
7393,american,,американец
7395,grandezza,,величие/величина
7396,percy,,Перси
7398,Rocky,,Рокки
7400,definizione,,определение
7402,sudore,,пот
7403,bud,,Бад/почка
7406,shepherd,,пастух/Шепард
7407,pancake,,блинчик
7408,gelosia,,ревность
7409,gallina,,курица
7410,aquila,,орёл
7411,Bestiame,,скот
7413,Lite,,ссора/спор
7416,ometto,,маленький человечек/человечек
7419,muso,,морда/рыло
7424,benone,,прекрасно
7426,broadway,,Бродвей
7434,giubbotto,,куртка
7439,residenza,,резиденция/местожительство
7443,aspettativa,,ожидание
7446,pecora,,овца
7448,Kirk,,Кёрк
7456,cervo,,олень
7462,ficare,,втыкать/совать
7466,maglione,,свитер
7467,sponsor,,спонсор
7468,stima,,оценка/уважение
7469,bacon,,бекон
7474,tana,,берлога/логово
7475,seo,,СЕО
7481,punteggio,,счёт/очки
7483,soo,,су
7484,vigilia,,канун
7486,sasso,,камень
7488,sottomarino,,подводная лодка
7492,vescovo,,епископ
7494,Lupin,,Люпен
7502,libretto,,брошюра/либретто
7503,litro,,литр
7505,farmacia,,аптека
7510,politica,,политика
7511,cognare,,знать/понимать
7517,piegare,,сгибать
7518,discrezione,,усмотрение/осмотрительность
7521,Woody,,Вуди
7528,dozzina,,дюжина
7531,scrittura,,письмо/письменность
7537,tonnellata,,тонна
7544,senno,,рассудок/ум
7551,notiziario,,новости/информационная программа
7557,altare,,алтарь
7559,esposizione,,экспозиция/выставка
7560,tecnica,,техника
7562,news,,новости
7568,lente,,линза
7572,dawson,,Доусон
7574,pano,,ткань/хлеб
7577,guarigione,,исцеление
7578,spot,,ролик/место
7579,scotty,,Скотти
7580,air,,воздух
7584,ascia,,топор
7590,oliva,,оливка
7592,cestinare,,выбрасывать/корзина
7596,circolazione,,циркуляция/обращение
7599,calendario,,календарь
7600,insegno,,знак/вывеска
7604,soddisfazione,,удовлетворение
7606,cavernare,,пещера
7612,sorso,,глоток
7614,frontiera,,граница/фронт
7615,jeda,,Джеда
7616,defunto,,покойный/умерший
7617,profitto,,прибыль
7621,confraternita,,братство
7622,portatemi,,принесите мне/отведите меня
7623,semestre,,семестр
7629,razzo,,ракета
7632,psicologo,,психолог
7636,scadenza,,срок годности/истечение
7637,bong,,бонг
7643,nicholas,,Николас
7646,ricchezza,,богатство
7647,Homer,,Гомер
7654,Sophia,,София
7656,turista,,турист
7660,balla,,балл/ложь
7668,rudy,,Руди
7671,macellaio,,мясник
7672,What,,что
7677,capanno,,сарай/навес
7679,donatore,,донор
7681,cospirazione,,заговор
7682,shin,,Шин
7684,picnic,,пикник
7685,barattolo,,банка
7689,Wall,,стена
7696,nsa,,АНБ
7704,manica,,рукав
7706,mentirmo,,солгать мне
7710,nucleo,,ядро
7713,app,,приложение
7716,freno,,тормоз
7721,side,,сторона/бок
7722,invito,,приглашение
7724,vivian,,Вивиан
7727,morfina,,морфин
7729,crociera,,круиз
7730,arabo,,араб
7731,immondizia,,мусор
7732,corrispondenza,,корреспонденция/переписка
7741,falco,,сокол
7742,bonus,,бонус
7743,legna,,дрова
7748,monitor,,монитор
7752,feccia,,отброс/накипь
7755,Braccialetto,,браслет
7762,sidney,,Сидней
7763,Baciami,,поцелуй меня
7769,privilegio,,привилегия
7771,ironia,,ирония
7772,smoking,,смокинг
7773,manzo,,говядина/бык
7774,song,,песня
7776,ricevimento,,приём
7778,cocco,,кокос/любимец
7781,abuso,,злоупотребление
7784,feria,,праздник/выходной
7790,cagnolino,,собачонка/пёсик
7794,cantiere,,стройка
7797,secchio,,ведро
7802,frammento,,осколок/фрагмент
7805,forbico,,ножницы
7806,batto,,бью/стучу
7807,vaccino,,вакцина
7808,individuo,,индивид/лицо
7814,Pope,,Папа Римский
7816,bum,,бум/бах
7817,palude,,болото
7819,zucca,,тыква/голова
7820,carrello,,тележка/корзина
7822,esibizione,,выступление
7823,mais,,кукуруза
7827,Fitz,,Фитц
7828,strip,,полоса/стриптиз
7829,creatore,,создатель
7831,benessere,,благополучие
7838,interruzione,,прерывание
7842,arancia,,апельсин
7843,coppa,,кубок/чаша
7853,particella,,частица
7854,Kathy,,Кэти
7855,terrorismo,,терроризм
7856,marca,,бренд/марка
7857,dessert,,десерт
7864,sonny,,Сонни
7866,mandy,,Мэнди
7870,quaranteno,,карантин
7874,premuto,,нажатый
7877,terapista,,терапевт
7878,visitatore,,посетитель
7884,federazione,,федерация
7885,Baxter,,Бакстер
7889,Merlino,,Мерлин
7891,concentrazione,,концентрация
7895,incrocio,,перекрёсток
7897,damieno,,Дэмиен
7899,chan,,Чан
7901,joshua,,Джошуа
7905,Caserma,,казарма
7906,ahia,,ой/ай
7909,attrazione,,притяжение/аттракцион
7913,tessera,,карточка/купон
7926,marciapiede,,тротуар
7937,furia,,ярость/фурия
7938,ferrovia,,железная дорога
7943,domicilio,,местожительство/дом
7945,tartaruga,,черепаха
7947,sushi,,суши
7949,casinò,,казино
7950,oz,,унция/Оз
7952,apocalisse,,апокалипсис
7954,shelly,,Шелли
7959,risonanza,,резонанс
7963,pos,,терминал/позиция
7968,uva,,виноград
7969,curiosità,,любопытство
7970,lotto,,лотерея/лот
7971,parata,,парад
7979,immigrazione,,иммиграция
7982,brandy,,бренди
7983,letteratura,,литература
7988,eternità,,вечность
7989,addetto,,ответственный/сотрудник
7990,k,,к
7996,shannon,,Шеннон
8001,fazzolere,,носовой платок
8003,bond,,Бонд/связь
8004,maresciallo,,маршал
8005,crack,,крэк/трещина
8007,Evans,,Эванс
8009,verdura,,овощи
8012,cynthia,,Синтия
8013,fritto,,жареный
8018,personalita,,личность
8023,lore,,Лор
8024,perquisizione,,обыск
8026,goode,,Гуд
8030,Stewart,,Стюарт
8032,cera,,воск
8035,piattaforma,,платформа
8041,pullman,,автобус
8042,stronzetto,,мелкий ублюдок
8044,signorina,,барышня/госпожа
8046,sostituto,,заместитель
8049,graffio,,царапина
8053,donazione,,пожертвование
8054,griglia,,решётка/гриль
8058,strappo,,разрыв/рывок
8059,ops,,ой/упс
8064,percentuale,,процент
8067,suggerimento,,подсказка/предложение
8068,Bennet,,Беннет
8073,fienile,,сарай/амбар
8075,thor,,Тор
8076,choi,,Чой
8080,litigio,,ссора
8083,Camille,,Камилла
8084,preparazione,,подготовка
8088,difetto,,дефект/недостаток
8093,fi,,фи
8094,arizona,,Аризона
8095,editore,,издатель
8099,musicista,,музыкант
8102,crollo,,обвал/крах
8104,granca,,бабушка
8107,evoluzione,,эволюция
8109,esther,,Эстер
8117,pasticcio,,путаница/беспорядок
8119,libreria,,книжный шкаф/книжный магазин
8124,perla,,жемчужина
8126,restere,,останется
8129,manutenzione,,техническое обслуживание
8134,Whiskey,,виски
8136,armatura,,броня/доспехи
8137,agnello,,ягнёнок
8138,Bordello,,бордель
8139,farsa,,фарс
8141,maggioranza,,большинство
8144,Arteria,,артерия
8146,seduta,,заседание
8151,Capitan,,капитан
8157,baracca,,лачуга/барак
8158,arachide,,арахис
8161,panna,,сливки
8167,anatra,,утка
8168,kg,,кг
8173,terremoto,,землетрясение
8174,samuraio,,самурай
8183,vip,,ВИП
8194,Kane,,Кейн
8195,ubriacone,,пьяница
8197,sballo,,кайф/обалдение
8198,brien,,Брайан
8202,artificio,,уловка/хитрость
8203,clacson,,клаксон/гудок
8204,clima,,климат
8209,suv,,внедорожник
8210,pepe,,перец
8213,cugine,,кузина/двоюродная сестра
8215,inchiostro,,чернила
8219,gorilla,,горилла
8221,vicinanza,,близость/соседство
8233,penserare,,подумаю
8242,agnes,,Агнес
8245,nuoto,,плавание
8250,deputato,,депутат
8251,lavoretto,,подработка/мелкая работа
8255,puttanello,,проститутка/шлюха
8263,busho,,Буш
8264,trofeo,,трофей
8266,nash,,Нэш
8269,cicatrice,,шрам
8270,reporter,,репортёр
8272,architetto,,архитектор
8274,dance,,танец
8276,ramo,,ветвь/ветка
8278,dong,,Дон
8280,brett,,Бретт
8282,calza,,чулок/носок
8283,gossip,,сплетня
8285,detroito,,Детройт
8287,scartoffia,,бюрократия/канцелярия
8291,Klingon,,клингон
8294,telegramma,,телеграмма
8298,fume,,дым
8302,profondità,,глубина
8303,muffin,,маффин
8305,tesso,,тку
8306,spogliarellista,,стриптизёрша
8312,account,,аккаунт/счёт
8316,hunt,,охота
8319,navetta,,шаттл/челнок
8320,dolcetto,,конфета/сладость
8323,yogurt,,йогурт
8325,lampo,,вспышка/молния
8330,aggressore,,нападающий
8334,grotta,,пещера
8335,tosse,,кашель
8337,sospensione,,приостановка/подвеска
8342,rimedio,,средство/лекарство
8346,midollo,,мозг/костный мозг
8347,setta,,секта
8349,telegiornale,,теленовости
8353,eredità,,наследство
8356,piombo,,свинец
8372,ratto,,крыса
8374,sessione,,сессия/занятие
8375,arrosto,,жаркое
8376,dignità,,достоинство
8377,reagan,,Рейган
8378,sfera,,сфера/шар
8379,tribù,,племя
8380,lealtà,,верность/лояльность
8382,critica,,критика
8386,but,,но
8391,seung,,Сын
8394,oca,,гусь/гусыня
8397,adrenalina,,адреналин
8400,alt,,стой/альт
8401,tenebra,,мрак/тьма
8404,Capsula,,капсула
8409,psicologia,,психология
8411,antidoto,,противоядие
8413,ammissione,,признание/допуск
8416,polly,,Полли
8419,isabello,,Изабелла
8422,spaccio,,сбыт/наркоторговля
8424,crystale,,кристалл
8425,powell,,Пауэлл
8426,marmellare,,варенье
8435,surf,,сёрфинг
8436,beneficio,,выгода/пособие
8438,fattore,,фактор
8440,cross,,кросс/перекрёстный
8447,preservativo,,презерватив
8454,ms,,мисс
8455,civiltà,,цивилизация
8456,baia,,бухта/залив
8457,aggiornamento,,обновление
8458,gates,,Гейтс
8459,tanner,,Таннер
8469,Bridge,,мост
8470,assaggio,,проба/дегустация
8471,First,,первый
8472,secret,,секрет
8474,violino,,скрипка
8478,separazione,,разделение
8479,splendore,,великолепие/блеск
8480,ponyo,,Поньо
8482,cappella,,часовня
8493,atleta,,атлет
8495,cupcake,,кекс
8497,regolamento,,регламент/правило
8499,task,,задача
8501,bacino,,таз/бассейн
8506,sfondo,,фон/задний план
8507,ragazzone,,здоровяк/большой парень
8518,straccio,,тряпка
8524,seminario,,семинар
8528,lesione,,повреждение/ранение
8530,trent,,Трент
8531,contributo,,вклад
8536,indicazione,,указание
8542,sella,,седло
8546,pettegolezzo,,сплетня
8547,cliff,,Клифф/утёс
8548,zecca,,тик/монетный двор
8551,galla,,галл/желудёвый орех
8556,pompino,,минет
8557,interruttore,,выключатель
8558,specialista,,специалист
8559,rum,,ром
8564,barzelletta,,анекдот
8567,cardinale,,кардинал
8569,officina,,мастерская
8570,pearl,,Перл/жемчужина
8574,municipio,,ратуша/мэрия
8580,Mae,,Мэй
8582,prigioniera,,пленница
8583,pisello,,горошек/горох
8590,Stalker,,сталкер
8593,decina,,десяток
8595,vapore,,пар
8597,curvatura,,кривизна
8598,archie,,Арчи
8600,Collegio,,коллегия/общежитие
8601,buck,,Бак/доллар
8609,puzzle,,головоломка/пазл
8615,difensore,,защитник
8616,popcorn,,попкорн
8617,cucchiaio,,ложка
8619,jenkins,,Дженкинс
8620,parruccare,,парик
8626,gamma,,гамма/диапазон
8630,got,,получил
8631,patrimonio,,наследство/имущество
8632,jamal,,Джамал
8636,materasso,,матрас
8640,frigorifero,,холодильник
8642,brady,,Брэди
8644,veterinario,,ветеринар
8645,vigile,,бдительный/пожарный
8649,postazione,,позиция/рабочее место
8650,distributore,,раздатчик/дозатор/заправка
8652,bolletta,,счёт/квитанция
8657,sigillo,,печать/пломба
8661,check,,чек/проверка
8668,suora,,монахиня
8673,aborto,,аборт
8676,rana,,лягушка
8677,noce,,орех
8678,complotto,,заговор
8683,atlanta,,Атланта
8688,autografo,,автограф
8689,duello,,дуэль
8690,provincia,,провинция
8691,spray,,спрей
8693,irlanda,,Ирландия
8694,ispezione,,инспекция/проверка
8705,soda,,содовая
8706,nano,,гном/карлик
8707,gideon,,Гидеон
8712,uragare,,ураган
8715,sonia,,Соня
8721,streaming,,стриминг/потоковое вещание
8727,anomalia,,аномалия
8728,Fogna,,канализация
8731,drive,,диск/ездить
8732,Costituzione,,конституция
8733,mentore,,наставник
8736,atrio,,вестибюль/фойе
8737,signoria,,господство/суд
8747,oxford,,Оксфорд
8749,postero,,задний/потомок
8753,back,,назад
8754,caveau,,хранилище/сейф
8756,marge,,Мардж
8758,dre,,Дре
8759,furgoncino,,фургон
8766,invenzione,,изобретение
8770,balena,,кит
8773,contenitore,,контейнер
8781,drone,,дрон
8784,precedenza,,очерёдность/приоритет
8788,fontana,,фонтан
8793,documentario,,документальный фильм
8795,deeks,,Дикс
8803,edwards,,Эдвардс
8807,lamento,,жалоба/стон
8809,periferia,,периферия/окраина
8812,capodanno,,Новый год
8814,malvagiare,,злой/злодей
8816,cagna,,сука
8817,montgomery,,Монтгомери
8821,abbigliamento,,одежда
8826,prendina,,накидка/плащ
8830,clive,,Клайв
8831,corna,,рога
8835,asino,,осёл
8836,mantello,,плащ/мантия
8837,yacht,,яхта
8841,frost,,Фрост/мороз
8847,coinvolgimento,,вовлечённость
8848,marion,,Марион
8851,etica,,этика
8855,pisolino,,дремота/сон
8859,eue ge ne,,Эжен
8861,Holt,,Холт
8863,square,,площадь/квадрат
8864,banchetto,,банкет/пирушка
8866,contesto,,контекст
8869,spaccato,,срез/разрез
8870,fortezza,,крепость
8871,dormitorio,,общежитие
8877,bancarotta,,банкротство
8880,morso,,укус
8888,sciarpa,,шарф
8892,bottino,,добыча
8895,colla,,клей
8908,essenza,,сущность/эссенция
8909,mutuo,,ипотека/заём
8910,abbraccio,,объятие
8916,patrigno,,отчим
8917,darryl,,Дэррил
8919,Brusio,,шум/гул
8920,gallo,,петух
8926,evacuazione,,эвакуация
8928,national,,национальный
8933,farina,,мука
8935,accampamento,,лагерь/стоянка
8940,adesivo,,наклейка/стикер
8941,cancelliere,,канцлер
8943,way,,путь/способ
8947,network,,сеть
8948,orgasmo,,оргазм
8952,balcone,,балкон
8955,mazzo,,букет/колода
8961,plotone,,взвод
8965,fore,,фора/передний
8969,salsiccia,,сосиска/колбаса
